date,keyword,hotel,rank
2025-08-15,心斎橋 ホテル,ホテルザグランデ,3
2025-08-15,心斎橋 ホテル,ホテルヒラリーズ心斎橋,2
2025-08-15,心斎橋 ホテル,ドーミーイン PREMIUM なんば,4
2025-08-15,心斎橋 ホテル,ホテルモントレ グラスミア大阪,5
2025-08-15,心斎橋 ホテル,KOKO HOTEL 大阪心斎橋,6
2025-08-15,心斎橋 ホテル,DEL style 大阪心斎橋 by Daiwa Roynet Hotel,5
2025-08-15,心斎橋 ホテル,ホテルロイヤルクラシック大阪,2
2025-08-15,心斎橋 ホテル,クロスホテル大阪,3
2025-08-15,なんば ホテル,ホテルザグランデ,3
2025-08-15,なんば ホテル,ホテルヒラリーズ心斎橋,4
2025-08-15,なんば ホテル,ドーミーイン PREMIUM なんば,2
2025-08-15,なんば ホテル,ホテルモントレ グラスミア大阪,5
2025-08-15,なんば ホテル,KOKO HOTEL 大阪心斎橋,6
2025-08-15,なんば ホテル,DEL style 大阪心斎橋 by Daiwa Roynet Hotel,5
2025-08-15,なんば ホテル,ホテルロイヤルクラシック大阪,4
2025-08-15,なんば ホテル,クロスホテル大阪,3
2025-08-15,心斎橋 ビジネスホテル,ホテルザグランデ,4
2025-08-15,心斎橋 ビジネスホテル,ホテルヒラリーズ心斎橋,3
2025-08-15,心斎橋 ビジネスホテル,ドーミーイン PREMIUM なんば,2
2025-08-15,心斎橋 ビジネスホテル,ホテルモントレ グラスミア大阪,5
2025-08-15,心斎橋 ビジネスホテル,KOKO HOTEL 大阪心斎橋,6
2025-08-15,心斎橋 ビジネスホテル,DEL style 大阪心斎橋 by Daiwa Roynet Hotel,5
2025-08-15,心斎橋 ビジネスホテル,ホテルロイヤルクラシック大阪,3
2025-08-15,心斎橋 ビジネスホテル,クロスホテル大阪,4
2025-08-15,難波 ビジネスホテル,ホテルザグランデ,4
2025-08-15,難波 ビジネスホテル,ホテルヒラリーズ心斎橋,5
2025-08-15,難波 ビジネスホテル,ドーミーイン PREMIUM なんば,2
2025-08-15,難波 ビジネスホテル,ホテルモントレ グラスミア大阪,5
2025-08-15,難波 ビジネスホテル,KOKO HOTEL 大阪心斎橋,6
2025-08-15,難波 ビジネスホテル,DEL style 大阪心斎橋 by Daiwa Roynet Hotel,5
2025-08-15,難波 ビジネスホテル,ホテルロイヤルクラシック大阪,4
2025-08-15,難波 ビジネスホテル,クロスホテル大阪,3
2025-08-15,大阪 難波 ホテル,ホテルザグランデ,5
2025-08-15,大阪 難波 ホテル,ホテルヒラリーズ心斎橋,4
2025-08-15,大阪 難波 ホテル,ドーミーイン PREMIUM なんば,3
2025-08-15,大阪 難波 ホテル,ホテルモントレ グラスミア大阪,6
2025-08-15,大阪 難波 ホテル,KOKO HOTEL 大阪心斎橋,7
2025-08-15,大阪 難波 ホテル,DEL style 大阪心斎橋 by Daiwa Roynet Hotel,6
2025-08-15,大阪 難波 ホテル,ホテルロイヤルクラシック大阪,3
2025-08-15,大阪 難波 ホテル,クロスホテル大阪,4
